,DC1,DC2,DC3,DC4,DC5,DC6,DC7,DC8,DC9,DC10,DC11,DC12,DC13,DC14,DC15,DC16,DC17,DC18,DC19,DC20,DC21,DC22,DC23,DC24,DC25,DC26,DC27,DC28,DC29,DC30,DC31,DC32,DC33,DC34,DC35,DC36,DC37,DC38,DC39
CT003_ses2,0.006549269082939081,-0.006958173433728169,0.010354606542729038,-0.0028864569695158573,0.004491504926006264,-0.0001855309571259113,-0.011683903346932272,0.0033255179457969157,0.0002113949415823557,-0.0027859400089432227,-0.0006413717656753416,-0.0024807003253949586,0.001001145239803699,0.0018134385077198955,0.0002528611173798204,0.0030005179764328307,-0.0007501476361091286,-0.008637154504620196,0.0030061452230576297,0.00033966218809699297,0.0033757039963168162,0.0020544976071628375,-0.022919237644305184,-0.002742628388784302,-0.00634715280845507,-0.017726918321567673,0.00817037430973673,0.007886301717045487,-0.0004318731248505398,-0.00841161109599862,-0.0014226800503556296,0.006853825938258127,0.004726152286504329,-0.004925994481649126,-0.0035539205013283555,0.002162918561608124,-0.003398331885293075,0.000346117560952477,0.006850111291649824
CT007_ses2,-0.0021392749316455737,-0.007936961304758343,-0.004930269200489615,-0.01178173342526942,0.00715764163588424,0.008039642368581523,-0.0026344369375990158,-0.0002661480527515536,-0.002808626917562841,0.006709691153042662,-0.003656092830841265,0.0031241066364695496,0.001389104059456536,-0.010452058223055977,-0.004953506993093622,-0.011422792474373866,0.0013592968827046872,-0.0007210221269664868,0.013605128184924545,0.007937201241042113,0.003709045504264212,-0.01083440176313637,0.0029427747195000355,0.0004754978216863708,-0.012986779142610597,0.002673983649218837,-0.003224429595670496,-0.00974970337985717,-0.006153579406630563,-0.0046454342946909664,0.009792654710961413,0.005417805436746953,0.009819706839939397,0.0026988780768943243,0.0072516507696313735,0.005392607806854462,-0.004760322931661811,0.0003489283329196438,-0.005370800383357994
CT010_ses2,0.009883441438291733,-0.007938330340110454,0.004184485294129885,0.002883554206877059,0.004345223258812893,-0.005767219085409443,0.002016921368771884,0.0023970544082532012,0.005008327717019923,-0.0020429513710251697,-0.00421579864309177,0.009959778002303172,-0.007783565158813445,0.0018140791613034158,0.002978669827755963,-0.005192980073005064,-0.0020209868137236737,0.013309642665322502,-0.0005343434333855889,0.0006045463670383664,0.005362986643897393,-0.0011722041282500233,0.005783706225220512,-0.005730268439065602,0.0016906902469103373,-0.009610854755086006,0.017240279731787846,-0.007766577734902323,-0.011759839874388747,0.01425843503884724,-0.00010919660588316081,0.0050882361544200404,-0.009394904001517733,-0.004131713477179257,-0.0011652990943498995,-0.002689150983703469,-0.0027842308423543715,-0.001150848565675596,-0.005566295392103179
CT012_ses2,-0.0015066808067558696,0.004353331650286389,-0.015613197882579461,-0.007543215566982476,0.012320075398703105,0.0033661317710482726,0.0008168206668801337,0.002389459787416229,-0.0024510150691431417,-0.0010588091368257543,-0.005121980307468236,-0.0006708529295932513,-0.004978556243146223,-0.005848816893474912,0.005192955123215734,0.002051141203049584,0.009220062871313325,-0.009883219902516852,0.0023551888173697112,-0.009365991563973311,-0.0007653853243585062,0.008932503575411036,0.0016445827763947314,-0.011118491797464174,-0.010582025703531875,0.0009373272406580038,0.0008807029343071496,0.0074200583505066465,-0.007184836391670133,0.000750475447869925,0.0009863911678039447,-0.013049274091445795,-0.0026641182717542997,0.0008402826395603669,-0.010958753330100941,-0.011521514465826246,0.0007964524255424401,0.0016025800289329916,-0.0056873840347788
CT013_ses2,0.006183572406224508,0.0044084418385665165,-0.003683033404946362,-0.0022049146456693115,-0.007809500197873722,-0.004147082063395294,-0.003941930230428877,0.006260364114321575,-0.0018828142912903037,0.010767768638277518,-0.007429531708905207,-0.004395939555330003,-0.007129914249430604,-0.0027270637474611364,-0.00749963794649499,0.00017059299622822807,0.006241401247019296,0.02335334801853924,-0.0055982930702494415,0.011850053990030597,0.00020562942194949472,0.009233353902873487,-0.011474071902180735,-0.0004212039075042534,-0.0006766749756806664,0.005552722538162822,-0.004539734763633731,0.0035912202697080575,-0.003243395050562389,-0.0006312128692864883,-0.009609699238049297,-0.006950571537614507,0.00951006076096095,-0.0020935982083330968,-0.0003041438076228737,0.001343890548704312,0.0005797760490554906,0.0005316255361090727,-0.004520211084616959
CT018_ses2,0.0043802651345125196,-0.0013792466205737853,-0.004722069832980128,0.008546103811172922,-0.00042204802018322603,0.002471515402481594,0.0045133928493281215,0.00734276016478758,-0.0031339260436087568,-0.005513022678314075,-0.006144579715479485,0.010611249219980277,-0.0029236007290271804,0.00224292730857141,-0.006353154601243705,-0.007069248796363581,0.005360155336414503,-0.010411111368936488,-0.0052066250878680005,-0.0007075733996270728,-0.006452956137707901,-0.005522997884218646,0.00041834772484855575,0.004004992430442995,-0.0034673364389272224,0.008988541098773967,0.0008187291438627107,0.01425414394048887,-0.0013754569720775608,0.017174010583952758,-0.006516533295891899,0.010040245826628201,0.009813793996803329,0.005630932385898064,-0.0022032795877174834,0.005898422737396033,0.000675041975203744,0.002658234326379892,0.006879867602777201
CT027_ses2,-0.001517089496586704,0.007973457715713507,-0.0019583909795271325,0.003624601548797277,-0.0050618395125353296,0.0028538642793258574,-0.0028475571441558887,-0.0038702065658263356,0.0020295369874000564,0.0028471784985831423,-0.006809996423622805,-0.005454890437634631,0.002355575387908741,0.0006182355027025596,0.00017719387963890736,0.0007154530733640229,-0.0008647435410519186,0.0008764573584548861,-0.0041999894420060545,0.007699241838279481,0.0004792133250692391,-0.006723507505894984,0.0037055458384607103,-0.005747630636251472,-0.005040102920643995,0.0019323708726759327,0.011404772228255838,-0.008587549010051656,0.015463019223298064,0.0004729331264363902,0.005759476074723477,0.005128488213100423,0.008108921421463066,-0.0001985318007296807,-0.015548567810390964,-0.006672734152421449,0.011315157412950649,-0.012746990220943746,0.002490043169983182
CT029_ses2,-0.0032427206195125287,0.007828022116431153,-0.006701173867565068,0.012404735368771451,-0.0011301987076469651,-0.015353118387853866,-0.005887554999399877,0.007039235387089178,0.0025182440290310634,-0.0038198791166098177,-0.0006972080020011123,-0.0017221285720673875,6.04951594739779e-05,-0.000408649115837766,0.003257762795041456,0.0009776904089308,0.0021538943130652655,-0.006685795638696782,-0.0010391054430609692,0.006481832301720493,-0.004453809888864154,-0.008772925108441208,0.00526116319004742,0.015047413867070555,0.0034242376112535045,-0.01732350578924894,-0.00764859909043186,-0.004850282725498988,-0.009305348357100474,-0.005094429165793424,-0.0037170305524817206,-0.0006662313280225229,0.005262481421357636,0.006334919600454799,-0.0033249731500936,-0.005546788874415542,0.005002276016638584,0.0026859807442247987,-0.00802158768583069
CT032_ses2,-0.0023927437259042505,0.00026168662571858205,-0.006812811384161817,0.003853114470614085,-0.002064146020827018,-0.006515724609441931,0.00674204703418058,-0.016800746030242775,-0.0013262666131823517,-0.0029702607719362534,0.00011612951408241565,-0.008399702409091499,-0.004197327076580802,-0.0031587998226073125,-0.015486200900976688,0.0072925325214171065,-0.0025415434358158897,-0.006107530994849018,-0.014441832414726569,-0.00019439368512110924,0.004122277398701881,-0.005901176302804507,-0.0030956933010767213,0.008881733243644056,-0.010943994749634027,0.007111968879777257,0.014051324523483582,-0.0006253845372218218,-0.002347551236306627,-0.006891652738528951,-0.0035835930364082544,-0.0006788095249130061,-0.007851670549546658,-0.0007426615548527538,0.005360520532942174,0.000413778136117035,-0.005540957581380306,0.003315575528274785,-0.004291232274838374
CT039_ses2,0.004380701828187907,0.004458431825770793,-0.008679858203521665,-0.0023943712304486794,0.0005073658603426466,0.004879251658719988,-0.004013750024865057,-0.0019182218342184696,-0.003829289160105163,-0.00023683483415851668,0.0008965516315919159,-0.0035341374313813084,0.0014603365557801207,-0.007063656959019456,0.0015294665330139816,-0.010340389318619197,0.0012273816183783195,0.002041627643491812,0.00019132905039120316,0.00792808804864931,0.003822045774462119,-0.0014115343246507552,-0.006031783418601026,0.0024877353185905377,0.0013576361542960063,-0.00218354284314945,-0.004067183789033802,-0.009046078273794549,0.005193439084948814,0.004113085597876638,-0.0012712123749798855,-0.001917276281117361,-0.017781633976410506,0.005942948011545516,-0.007301984522059414,0.003924179783479361,0.005270886256895821,0.017151533841255805,0.0135060499942194
CT041_ses2,0.007728401260972274,0.0026413584920059164,0.007116370953938274,-0.012701845647436514,-0.012103126930056633,0.012107792004297504,0.007003179875755047,-0.010514875075713732,0.00041342409970983215,-0.005062259499156474,-0.024079098048767875,0.00417578773979217,0.006399039406342412,0.004735829225061355,0.007232305362417605,0.011264496927715204,-0.004899183323542004,0.001311359693277085,0.0025694549360695007,-0.002820071445129028,-2.4090291706621094e-06,-0.0005174537619717785,0.005091003899059957,0.0014917777015440693,-0.0030927926313533863,-0.003321377014360993,-0.006821890917134722,0.00018213966889992883,-0.005822549850115812,-0.005145501510632585,-0.010576612783967808,0.003826451552711225,-0.004099586356317365,0.006273278880388446,-0.001176321814735906,0.003582932693256132,0.0027018566099304025,-0.0012185330459517725,-0.0009465459512388203
CT043_ses2,0.0012078945106323699,-0.003544635189513069,0.014191870729083055,-0.0001979213186529789,-0.003424302321015291,-0.0025296474987824866,-0.001671004535407632,-0.01345458723715798,-0.0032329138962562663,0.013792671963290282,-0.0020761629851758843,-0.00022068443682862242,-0.006102885841837673,0.011404845656791274,-0.01235878422421418,-0.017947226866234994,0.005600375230564381,-0.005832021607120303,-0.001166593501933869,-0.003752017673849562,0.0036005893022810135,0.010027380175682403,0.010878513410471486,-0.00058636361104625,0.008957480771231232,-0.00285432390501821,8.452647205927653e-05,0.0058962050435512085,-0.003143317994692174,-0.008800395421218752,0.005605655759581284,-3.256280806632495e-05,0.001551445120724687,0.003919811183411078,-0.004748079308376944,-0.0017014716848399228,0.004075326603581676,0.00451026755835154,0.0005328358449142918
CT046_ses2,0.002626541872756904,-0.0013935495422579681,-0.01036484895338103,-0.0015137446770288941,-0.014232060019394935,-0.0011610788582985965,-0.0019559593587311595,0.010478681293346382,0.0017436952123569367,0.0020471641338480756,-0.005391585157345413,0.006064185641779501,-0.012063125228637861,-0.002311540498621213,0.0029158938583689524,0.0073376410390609825,-0.0037473993715857246,0.0005846774956253286,-0.007476883096818215,-0.008823084352731193,-0.007951092532807099,0.00967418820763149,-0.003116831477679072,0.006520535035441109,0.001149194349035299,0.0014324964623004042,-0.002745843687521623,-0.0022299284618914,0.00043717514998637964,-0.004510749601981587,0.023702726805164196,0.008716849546646803,-0.004294029887968174,-0.00013036625819793103,0.00042514217253485065,0.002844119684914791,-0.0019235978930379877,0.0005286494891378914,0.0011684756063573692
CT062_ses2,-0.0004294665813251735,0.0035230202709235305,-0.006571982101679258,0.005904417137210942,0.0028233538753654713,-0.0059813184640435495,0.002173563840541557,-0.002607803176033607,-0.00555803442209029,0.010489763732755278,0.00442110412165693,0.012520256154421112,-0.003531562387228698,-0.004053713804899027,0.016786096986193107,0.0033061840097995698,0.013156908794544817,-0.002076550112840496,0.0029974956175501835,-0.002618806709150123,0.01350990971728149,-0.00491484731780344,0.0003482533741077716,0.0007567683197914855,0.007477188417118243,0.00627905832396439,0.0016898629463532606,0.003781431722734709,0.004858005396707041,-0.010255626413626333,-0.006541563177819977,0.006369830715690013,-0.003606391038860527,-0.007529247617367908,-0.003082876356973995,0.012552211907245462,0.001201863631608766,-0.00327680462638046,-0.004236202064722762
NT002_ses2,-0.008414499267768438,0.0031033683849815905,0.018460501269975012,-0.0028462246361817866,-0.014429802439852273,0.005426914950057549,0.014265379154538472,-0.0017911625966546215,0.011035593207184941,-0.009330994949198987,0.01584919428971858,-0.0023008582489024124,-0.011398919493286414,-0.006485411135707232,0.010154650077288748,-0.005501250227808954,0.008871562153354648,0.005179296620723925,-0.004618390693803571,-0.002272375896268716,0.005464258531337359,-0.0066767680191768194,-0.0035179634918444088,-0.0007049590829824925,-0.008653078466914809,-0.002798965722741662,-0.004989427008773206,0.003745928887422429,0.0009581265564436519,0.0016416870469398049,0.0034816771713809804,-0.0023696273467623324,0.0033284669946196522,0.0049855309870044506,-0.002423802317244544,-0.00214483061788172,-0.0015195588036279605,0.0024176014997822092,-0.001946937624478609
NT005_ses2,0.004882524882384752,-0.005850836171000359,-0.011400438653761297,0.0018506371297485438,-0.0019538711712796626,0.005801766441645379,0.011118615985227216,0.0007559592152585975,-0.0015448797774570435,0.005315617987375236,0.002388455935514629,-0.0004205566616464827,0.0020446890616494014,-0.006808520567477704,-0.0102812196931462,-0.006122377944593561,-0.01314651884275751,0.005584940356805555,-0.0014268538599774736,-0.01731217625343632,-0.0014075166643525178,-0.013834617276217459,-0.004382198256180449,-0.00661744159377448,0.006314093450279534,-0.010549873080914993,-0.006855695813466391,0.005599717098917653,0.005123728605666659,-0.0013328639582460367,-0.002625290040445433,-0.0013360270356151216,0.001030433121200611,-0.008464312556125725,0.002379839343058642,-0.002162823701408626,0.009980021830867327,0.0005377318628589845,-0.004248338922139337
NT015_ses2,-0.018957551267011423,0.014691977933038143,-0.010182460587049313,0.0002744366506828105,0.00756896651899331,0.015884337328853977,0.004554248652590568,-0.0042842796118926964,0.016667209731117915,0.006201037934761343,0.005653009245832927,0.009435343811067089,-0.008350928503970657,0.014667885746666632,-0.0029283810220273546,0.0025145367920925326,-0.009082630909079795,-0.0012314579574727326,0.005354660346010016,0.002941151896965093,0.0035857752110803683,0.0059383337189646635,-0.006657071290209463,0.005128551369010046,0.003613026853190422,-0.0011919796004611497,0.0014649134577540618,-0.004293220039572217,-0.005217059109457245,0.0016335234864973628,-0.003382501832334483,0.00022333171035404786,0.003766381082181658,-0.0029517338598725584,0.0025328156937810134,-0.0008468591525317086,0.0015674543970244238,-0.00013619658290690964,0.004280322533360882
NT016_ses2,-0.0007068244105112388,-0.001426785325459699,0.005736340689611506,0.008791113093523158,0.005803617503233698,-0.01701788215700389,0.019566459859013133,-0.012126549083194316,-0.01334128164739879,0.0006775714382075209,0.0024578489833531735,0.006822051413754044,0.0010120774539512367,0.005467991467515982,0.0018699825209342507,0.007094348225920648,-0.0025458807597642306,0.005485148744673489,0.013092192943940534,0.0023933185008674883,-0.014297000355799625,0.0012706669373228731,-0.00682988174677623,-0.0036323359726103907,-0.005374853682765238,0.002596752374197137,-0.004556053725975258,-0.0055934688091709706,-0.0012365717891512534,-0.0002544476147213683,0.00485541322549642,-0.0007685321487375354,0.0034325501150932088,-0.002614525047177589,-0.00425418116120143,-0.002556376989945062,0.00012238405218691054,0.004512504855468263,0.005746414458633029
NT017_ses2,0.00830519989039202,0.0035694322669933298,-0.0035955259855378614,0.004208053086837725,-0.006689226521171429,0.003027602310615663,0.00259889086504001,-0.0013091941685939193,-0.003068982309625881,0.004579318343826259,0.0004968731200687544,-0.0016108636896085247,-0.0009580968391907896,-0.0011332541343981788,0.0009471623450675564,-0.003850033573093437,-0.006088195651279824,-0.007700974555031414,-0.003956516731201968,-0.0009157404739465647,0.0005945440575244154,-0.00016439974848903548,0.0034805992723109798,-0.0033112508442270914,0.006175477387417572,-0.004418350407938551,-0.006226694480704699,-0.009030322635124054,0.004067555274133839,0.002684684682460792,-0.004756927075249517,-0.007259138518661493,0.004854513773302748,-0.0024001284723275495,-0.007260061278566859,0.0009215792747936676,-0.02784886259946333,-0.005700648114565923,0.0036631775368278995
NT020_ses2,-0.026459732642368193,0.004497521077245816,0.008646588080422594,-0.00399699938965523,-0.0034347143112817453,-0.0013764028618657904,-0.018159407448360917,-0.0030188668950719604,-0.015363953073173968,-0.00595261258289071,-0.00018357933563885277,0.01054557241029834,-0.004809075541827386,-0.009894888803183679,-0.006044322540821773,0.007039247931997106,-0.010513408057215215,0.005348927943563448,0.0009455826848847892,0.002073178647156722,-0.00042867922756642356,-0.00393802468998469,0.007697938286431135,-0.0025733333718442756,0.0019479419137667683,-0.003103216261762107,-0.00010490086129095958,0.009097978701789569,0.0006863247623736307,0.004156046488749282,0.0007923426375726637,-0.004661233472344733,-0.002207867310185399,-0.003382045582040175,-0.0032939164608163725,0.0033571262554312987,-0.0022457181625139553,0.000374441131766517,0.001476889799725291
NT025_ses2,-0.008536698540236237,-0.013361929350082217,0.00042685047233295524,-0.007016620194413343,0.013076748134980873,-0.014028885472644293,0.0034924634808189913,-0.008619297898796653,0.01513632376609143,-0.00798462374552785,-0.01382572660029432,-0.005619826606408551,-0.0031250214400207893,-0.012329748128769833,0.00903206542754715,-0.009145435340085228,-0.008651863380239919,-0.0015263760983243706,-0.0011152863998176348,0.0018609856494309098,0.0005318228110287955,0.008345343828349155,-0.0015616977157754505,0.007748120894088964,0.008048549372837561,0.004051071617426162,-0.0036384839607162245,0.0033284414960530226,0.008734438507973707,0.0026240107491091926,-0.0015233376187662176,-0.0005856712367353199,0.0035786606319557893,-0.0027198873918023833,0.0013373216686538199,-0.0002671334554601904,0.00010292596501363833,-0.0027455150334063662,0.0009367045902296258
NT026_ses2,-0.004978888955760073,-0.001270506783482188,0.0036791056080959987,-0.007453024438371076,0.00029189580210165487,-0.005526159091000031,-0.0059280633906851855,0.00045414645587697267,0.0027628726888105914,0.014178532176286493,0.002603488716856122,-0.022168772488488125,-0.004347602654303803,0.0010075086961304344,0.0054853333517720475,0.007036767872978135,0.00023281122998226533,-0.0010257000640442962,0.004752102781253629,-0.010952796020790617,-0.007072207018377689,-0.011759116760184398,-0.002523914625306177,-0.0023536748499938826,0.008184796391077174,0.006917361441046826,0.0037618022312316695,-0.0016965459671280493,-0.01284619170672492,0.007267500316766252,-0.0008937741008277473,-0.0004682110662872471,-0.00044266306051121197,0.0069625177025772105,-0.0008121508110226474,0.006773747627385737,0.001602424500858344,-0.004746686580201408,0.006480378370527725
NT027_ses2,0.003895339249484119,0.002426093135377843,0.0018696917109364138,-0.00025948195134189317,0.007073993101129046,-0.0038123153581215378,-0.011683223175389487,0.00535430422210554,0.0018502967390177695,0.0007838317860759779,0.005925556757620274,-0.007179230101630672,-0.004811519291349972,0.010322856375526282,0.007045133076368879,0.0010836313981401544,-0.009419540588087518,0.007048709023657538,-0.0005071407860592673,-0.011615789678505435,-0.0004863730831552861,0.002774881729784612,0.01291486243440321,-0.0010479051899492237,-0.013619501797622757,0.004567940556379879,-0.0023437384133311264,-0.002709012197934024,0.00990522585183469,-0.0029485669709021036,-0.008940291175687858,0.009309366319977775,0.005427449745920522,-0.002660087056837216,0.0017033510647230712,-0.0017904118140417108,-0.002516844099637718,0.014344340920736292,-0.001503595786806411
NT031_ses2,0.00637009075035275,0.0025062422381434703,0.0023215294685992255,0.0006995322388263033,-0.003857610562185823,0.0017339208653242438,0.0008789913020035402,-0.003977339639562876,-0.01167652973771829,0.0010418044943215062,0.002489903534602303,-0.0035216363319292053,0.0069113321780570275,-0.005107591877261058,0.005478457874816413,0.006335780096599406,0.002167983640508689,-0.005339403500879179,-0.0034361903304146258,-0.0057142214882635965,0.013401161023601121,0.01102782256213376,0.004289608448437804,0.008224313817509469,-0.0021184737384216334,-0.005636987405178102,0.0025350030796438766,-0.007096499558509063,-0.002023369927259609,0.01270094554228427,0.0042678302789002235,-0.008609625509400545,0.012036682924748304,-0.007691943599231981,0.011688670166702346,0.002391627872919476,0.00923099805091367,0.0011951961601835025,0.005497141024059781
NT033_ses2,0.006965309412936843,-0.0027181098639671593,-0.00572933085295269,-0.004392949274289137,0.011379629596326251,0.010164214513701666,-0.0034541862833355527,-0.008834021415479556,-0.0009091706886226019,-0.003560374104656858,0.011065876496913292,0.0005525680022418286,0.008717179280609428,0.005035741569110296,0.010450669707140663,-0.005642720739956045,0.002147714330089161,0.010202482384887421,-0.01511044105430496,0.005897261391144799,-0.01652645733019653,-0.0021342230318669437,0.007117887104652795,0.0056968890441828676,-0.0018738128759806572,-0.0033955616320572287,0.0018993320290391958,0.008017379695533703,-0.005723753119674267,-0.006167187446285789,0.004082771472688326,-0.004875646988869174,0.00011133758601208255,-0.0050217236845231964,0.00025700765403190504,0.005799065832476067,-0.00020593908300437953,-0.006330927708430438,0.004843087940177057
NT036_ses2,0.00562681075660431,-0.00364183616896135,-0.0034836402391757414,0.0014857562429071213,-0.006094606207491447,-0.0062811755654458325,-0.0025609052259420997,0.007371896943724773,-7.58651210445017e-05,-0.000976190621662527,-0.0018392021667177803,0.00871495760244936,-0.0064911421229382595,0.002578616718977672,0.005226210679458621,-0.0025232798011768248,-0.0028495299309883276,0.0002803746975716096,0.0033722419169607185,0.0028664575860672795,0.0044153229345834325,-0.007510571748893897,0.003256071366487559,-0.004278044433012467,-0.0001453118205571891,0.004697428011745575,0.004475681222211591,0.0036853011130763415,0.0014512553024086012,-0.010447199275524182,-0.0027189670389965834,-0.009698107488357777,-0.001308734659973919,0.007405269621708545,0.016268036533021505,-0.014133978999387266,0.0007771514491985058,-0.005506404903225058,0.015790428007824396
NT040_ses2,-0.009611715018621698,0.01477985441275156,0.004539744922303269,0.013381596094985251,0.0066541042218801775,-0.006515681161799564,0.0012243059912392944,0.0020168184394068053,0.0026725010630660835,0.01051542929462961,-0.006115113899241428,-0.0018148204072713653,0.017776992160515027,0.0003389137908983276,0.00373805171361877,-0.005194254746397525,-0.004066087020254782,0.0013769441473962876,-0.010381916372999856,2.4301695375753493e-05,0.00528358035030985,0.0037840051635927006,-0.003936633800861817,-0.011878461831418776,-0.0076186663968781316,-0.0025340736644596648,-0.007207737021437014,0.005651542449682112,-0.0010731710240141714,0.0034580398199565133,0.006148423970885244,0.004861626144120403,-0.007374508897811996,0.008262000554816401,0.009607098250777756,0.0020025473266327373,-0.0030673614569983834,-0.0043316470809322575,-0.0019823688734712814
NT041_ses2,0.0021524659272903622,1.4414502241863815e-05,-0.004247188857135664,0.000745393958605795,-0.004630286100046489,0.004373629771428321,-0.0006895311810077173,-0.003765640102731224,-0.010297096985399308,-0.004359705749634612,0.01591445968676426,-0.006929739753928883,-0.0022976493133993006,-0.010482602779735782,-0.002114526127061505,-0.003592190419694102,-0.0023501832319386636,-0.0009048237407556679,0.007767901049561103,0.00245936944687048,-0.003179319266637481,0.01511965697816674,0.0009394637848921821,0.0013150663502988003,0.0006154162887420979,0.0005912861462298443,-0.003824009848010914,0.00023830953101405458,-0.003647223886271355,0.0006983365663007764,-0.009540485719495414,0.01737281334502881,-0.006299597672946989,0.0037356655660409355,0.00293741719456945,-0.008756361930151363,0.0018516223655624662,-0.013588329041636243,-0.0009705437572494777
NT044_ses2,0.0024028159580268653,-0.0015235087752098909,-0.005294850463045936,0.0029835804782384298,-0.005283784278564895,-0.0026283657011879997,0.0023037754933428463,0.001305798751271753,0.008253916581781161,-0.012669493747974957,0.0030595960044495787,-0.007316234477256673,-0.005950280522964945,0.0013107244156818048,-0.003885221916732992,0.005428335764367819,0.0005997850088121425,-0.009637119624244324,0.0002175098681944125,0.01366859462532049,-0.00367010976053395,0.004064159212138597,0.00818545814577318,-0.02346162071094762,0.004433925335621216,-0.0017699632497762477,-0.0023745706005405495,-0.0017623434884712057,-0.0015091371173546488,-0.003100802232741408,0.0002988988822209051,-0.0005128286152651716,0.0013559405770984143,-0.005030527292671643,0.006549667185981685,0.013784927220869882,0.005324475334018118,0.0039441284732656574,-0.0010676838163895747
NT047_ses2,-0.009728993003152034,0.006218803381742167,-0.005875364635531243,0.0010412088835133617,0.006734908426397777,0.0018324497552069888,0.004432222049262088,0.004521089728984045,-0.003880832851563444,-0.0190560624731929,-0.005561021158315966,-0.006509156329672068,0.00662707431553114,0.00380841056398135,-0.009027446696601014,-0.0005291937500428511,0.016893720589268576,0.013542211593147294,0.006019634564461141,-0.012803476779605034,0.0017977908825682805,0.0023356365942531344,0.0012905354380288504,0.0003320970735980689,0.009450547030610894,-0.00434340865710197,0.006711802631791795,-0.0037557404163572447,0.005365228956876645,-0.0053821249339253766,0.0018376106320873661,0.002153233592212569,0.0036456504962065557,0.006878290119983572,0.003263482325351772,0.0032733691702861293,-0.006228504551392523,-0.0009586014595286802,0.003278046504673722
NT049_ses2,0.007917917061059855,-0.0010991319342823361,0.009295214875425504,0.004063814184622353,0.007029007934295964,0.004156089844251765,-0.011245168553618306,-0.0019972818214957595,-0.0036089539259835115,-0.012329824845480966,0.005601200749734263,0.011005961331886376,0.0019761270706359956,0.00030052379766269633,0.0006948832326257883,-0.002198754285933493,-0.007617401553887051,-0.0031992555520335753,-0.008983262727526115,-0.006815695280812991,0.0005693595813859487,0.00036311026236561804,-0.012370439695334873,-0.00487024563400831,0.008440028811098734,0.013952446818992352,-0.0016339461258898826,-0.01302765500680502,-0.003786319958727793,-0.0036068856006937254,-0.00047253076775374955,-0.005128229982286015,0.004579204584735097,0.010318390447110503,-0.0018911173477549536,0.0008025140303669331,0.005083109856502542,-0.0005757226692221577,-0.009054766136734718
NT051_ses2,0.01568342455075146,-0.0006011343070109852,0.006699093241913009,-0.0031948337226436092,0.013711523145767993,-0.0036301105460475394,-0.005172268333183586,-0.003082160750886455,0.015076184738576637,0.0021239725439942824,0.006735577693631139,0.006809875503861329,0.0005705147765253936,-0.0042513311524624816,-0.01672303228546049,0.018022427005714305,0.008743164547920205,0.002296529771332745,0.0005010855790677973,-0.0003874107755196062,0.00590752455124055,-0.0031073206003535666,0.005639049202293965,0.002597587971345806,-0.0005147925270081383,-0.00016158324941914682,-0.013946290815056979,0.001447297383058206,0.003909459185346474,0.004116386050111138,0.0036019248391018855,0.0005198612238209616,-0.004050070745877628,0.0011718384503990112,-0.0024536851674253272,-0.0024537561992317917,-0.0003057403315287357,-0.005381133161752092,0.004805677103779902
NT056_ses2,0.008498868838648968,-0.00027014911142205265,-0.004453006920029097,-0.0008340562804267583,-0.004468536178852412,0.004898022328516502,-0.0012873429881968713,-0.007512951283570512,0.0038305369559138054,0.00678439777915483,0.006573443859759432,0.0009537244300209117,0.00862385278441652,-0.003102886545576293,0.004907118474179692,0.00913005751877579,-0.003092703730830451,0.0005924706058111371,0.009726406522151163,0.007159118177416549,-0.004147861230538008,0.0012487416547449829,-0.0004948084001681061,0.000607480164498718,0.00997243481167011,-0.0018235208914686829,0.012178194361676239,0.011714232621061063,0.01012558145554538,0.005310338488840358,0.004914579523036159,-0.0014407141853329337,0.003728655510383308,0.01299598564546762,0.0039804834630442175,-0.0038675519021923233,-0.004820526128213658,0.010411895107111584,-0.010767205838029979
NT059_ses2,0.003067705530378328,0.005858866863973158,0.014418228176331436,0.015094234152359628,-0.003247529309043887,0.00588366203980499,0.0017302303954837078,0.012858868570335167,0.011724482686413837,0.0030819204903740176,-0.0011742101356596243,0.0012294115474622092,0.008062790212783692,-0.013477333589822815,-0.004954947628347276,-0.004136543412762784,-0.002842733958719988,-0.0018101444022521613,0.012139633184076645,-0.004418444843377031,-0.010456225307046485,0.006273142569995993,0.004828072120945546,0.007314402883019837,-0.004812219330560473,0.005707460650016582,0.009287678933738622,-0.0006662545903538247,-0.0008549060069751374,-0.006624488561076649,-0.0035340599230496554,-0.009095790662860453,-0.005157593426402838,-0.005939959639118225,-0.0024300102208050563,0.0065335209267559915,0.0017185079113244202,-0.000821119788318477,0.0006317507475946526
NT070_ses2,-0.017982634423608274,-0.03580896683375549,-0.003767063497318863,0.013945009937680214,-0.006812664613110853,0.008786071107527582,-0.003003029295789653,0.0024734750588578584,0.0029652749808685326,0.005460473425829359,0.0008501675950455854,0.00044614639515233237,0.010069423620328434,0.004769596129432406,0.0010576054536201856,0.007541189254212952,0.0072620966683556295,0.0014446542316165149,-0.003635803435060471,0.0005936713394056804,0.0017350337249443573,0.0033464868166456435,0.0006679677561448889,-0.0009921407056957296,-0.0024344141978093685,0.0010178316853645688,-0.0038667223172122135,-0.0046562971072531475,-0.00023080887033627868,0.0005627950283608478,-0.00405335806768896,-0.001384962979952491,-0.0017592291263047411,0.0010796819842295712,-0.0032694998442036253,-0.0037316705970916794,-0.00046635693504592563,0.002015767091218292,0.0004246761578027601
NT081_ses2,-0.0010578193097047495,0.007771288967830132,0.005920380233866733,-0.003416639874068175,-0.004128509911742471,0.0034561649151480358,-0.002464985260135104,0.0016291928562738207,0.0018551230482081761,-0.004187044758025244,-0.003796271158241709,-0.003621821968655869,0.012198155983339403,-0.0008610952433945107,0.0012697627192690528,-0.00037100584928897686,0.006165781471012371,-0.0027272565800711165,-0.0016687473712573642,0.004110283300877579,-1.1327323704666477e-05,-0.006867825924058174,-0.001700613863300189,-0.0014146924185581792,0.011099233002041485,0.01159376271797788,-0.0024139575592798082,0.0013432304762419887,-0.008077095987557901,-0.0005743934571263551,0.003962449516625903,0.008731727897254597,-0.0001311913219391997,-0.019031730822495475,0.0015056464309413649,-0.01645267861972599,-0.0038453258208127694,0.0091388548949711,0.0003910734046050747
NT082_ses2,0.006233476407704727,-0.0033074297694123387,-0.004467688201107932,0.004663610282760237,-0.00381590692782744,-0.001582387777972319,-0.0007559104056465911,0.004844047507515031,-0.0037407391875326724,-0.011517390067437041,0.002036842633610939,-0.010482116770684878,0.0027137564202442364,0.017716651687967468,-0.00014292646390856242,-0.0037383062779094344,-0.00989153415092203,0.0021603764143511227,0.01262542345428117,0.004120881517142997,0.014672802606321266,-0.002572375822016026,-0.0013346419892087684,0.007744493935541975,-0.003011767324380192,0.007423446012410322,-0.005349812319894776,0.010235072821799486,-0.0014261960641166012,0.003144135840010427,0.00878855839625464,-0.0065785493048167,-0.005905534045222451,-0.0032053992678574383,-0.006578391119310142,0.004082329665260727,-0.00013719995928635856,-0.006263000148329993,-0.00537974197067282
NT090_ses2,-0.005855730505591422,-0.00021058862120407854,-0.0036050187021977966,-0.02803184526829016,-0.011055285758537875,-0.017729367869254116,0.003794643653843415,0.009433292518612869,0.003786356320261441,0.0014485403401948173,0.010825429089490642,0.010163808833566016,0.01678041530140493,0.007484759923304552,-0.005347233709203377,-0.004677071983515687,0.0008037088697801668,-0.004968681723548065,-0.002332842005105904,-0.0015580657529442276,-0.0025582771128789114,0.0031827204767972666,-0.0009248660986519854,0.0005593187858954898,-0.002563926582955482,0.0003978949656898454,0.0037229195039116263,-0.004239016226020575,0.003109367601089273,0.0021509045210895313,-0.005185226602009656,-0.0018102914438515557,-0.0021667823457135566,-0.000515396905236522,-0.0022798313891263778,0.0025711293618769634,0.0011438695246425562,-0.002309736388026402,-0.0021119192956372177
NT093_ses2,-0.0009680425645657375,0.0016065075982581404,0.00599864828164282,-0.00012794371465983277,-0.0006533430485350042,0.004135016257744875,-0.009098179530455695,-0.004270420882039542,-0.0034273697711445328,0.0012253929176044077,-0.0064785024201413875,-0.0004119787382387125,-0.009339843695231668,0.01061966636474641,0.0009304842696718235,-0.004605356783098899,0.013121717237150618,-0.006449557245584449,0.003990206458292212,-0.0006763087808936087,-0.01357927133414611,-0.003979791393829424,-0.006762033298348809,0.0028781490341236978,-0.0027658579076723267,-0.003002343833138129,-0.004167192964118703,-0.004828368099112455,0.013684057622530344,0.008689780192570882,-0.0017505086614028882,-0.005240112459391862,-0.009844648777310198,-0.006556170779844181,0.012629365948158337,-0.0010320415986582667,0.0007306245031018951,-0.00532978696029797,-0.00923359783979549
NT096_ses2,-0.0027239976608281627,-0.003319738118303893,0.01324574850375559,-0.008221184666931535,0.01620478787058277,0.008463398720355236,0.017724932145030636,0.021888094842213903,-0.013769278364317409,0.005430538586028577,-0.0005311696936341903,-0.005749611022062838,-0.00580379602465683,0.002210179481746615,-0.0009628074553554246,0.007139438053661676,-0.004472993368459814,-0.004655185122148356,-0.008551861096955805,0.010526315956954106,0.001212634872371851,-0.00021225395170868493,0.0033056338555878316,0.004054095308796304,0.0061206226936273535,-0.0007976041641849265,0.00169691836500596,-0.0006099286075797155,0.005030546828636713,-0.003004813954146762,-0.0003298727832705853,0.0002779740672188386,-0.00345152916127371,0.0026639921970412275,0.0003544776105072578,-0.0016304482580761968,0.0009831632084408317,0.0004248327030886143,-0.0030949043049377538
